-- Insert sample users
INSERT INTO users (id, email, full_name, role, college, avatar_url, bio) VALUES
('550e8400-e29b-41d4-a716-446655440001', 'john.doe@college.edu', 'John Doe', 'organizer', 'Tech University', '/placeholder.svg?height=100&width=100', 'Passionate about technology and innovation'),
('550e8400-e29b-41d4-a716-446655440002', 'jane.smith@college.edu', 'Jane Smith', 'organizer', 'Tech University', '/placeholder.svg?height=100&width=100', 'Creative director and event organizer'),
('550e8400-e29b-41d4-a716-446655440003', 'mike.wilson@college.edu', 'Mike Wilson', 'organizer', 'Tech University', '/placeholder.svg?height=100&width=100', 'Sports enthusiast and team leader'),
('550e8400-e29b-41d4-a716-446655440004', 'sarah.johnson@college.edu', 'Sarah Johnson', 'organizer', 'Tech University', '/placeholder.svg?height=100&width=100', 'Business strategy and entrepreneurship expert'),
('550e8400-e29b-41d4-a716-446655440005', 'alex.brown@college.edu', 'Alex Brown', 'student', 'Tech University', '/placeholder.svg?height=100&width=100', 'Computer science student'),
('550e8400-e29b-41d4-a716-446655440006', 'emma.davis@college.edu', 'Emma Davis', 'student', 'Tech University', '/placeholder.svg?height=100&width=100', 'Design and arts student'),
('550e8400-e29b-41d4-a716-446655440007', 'david.miller@college.edu', 'David Miller', 'organizer', 'Tech University', '/placeholder.svg?height=100&width=100', 'Research and development specialist'),
('550e8400-e29b-41d4-a716-446655440008', 'lisa.garcia@college.edu', 'Lisa Garcia', 'organizer', 'Tech University', '/placeholder.svg?height=100&width=100', 'Cultural events coordinator');

-- Insert sample clubs
INSERT INTO clubs (id, name, tagline, description, vision, category, college, founding_date, contact_email, faculty_in_charge, members_count, events_hosted_count, credibility_score, logo_url, banner_url, is_verified, created_by) VALUES
('650e8400-e29b-41d4-a716-446655440001', 'Tech Innovators Club', 'Building the future through technology', 'A community of tech enthusiasts focused on innovation, coding, and emerging technologies. We organize workshops, hackathons, and tech talks.', 'To create a thriving ecosystem of technology innovators who will shape the future.', 'Technology', 'Tech University', '2020-01-15', 'tech@college.edu', 'Dr. Robert Chen', 245, 18, 4.8, '/placeholder.svg?height=100&width=100', '/placeholder.svg?height=300&width=800', true, '550e8400-e29b-41d4-a716-446655440001'),
('650e8400-e29b-41d4-a716-446655440002', 'Creative Arts Society', 'Where creativity meets expression', 'A vibrant community celebrating all forms of creative expression including visual arts, performing arts, and digital media.', 'To foster creativity and artistic expression in our campus community.', 'Cultural', 'Tech University', '2019-09-10', 'arts@college.edu', 'Prof. Maria Rodriguez', 189, 22, 4.6, '/placeholder.svg?height=100&width=100', '/placeholder.svg?height=300&width=800', true, '550e8400-e29b-41d4-a716-446655440002'),
('650e8400-e29b-41d4-a716-446655440003', 'Sports Excellence Club', 'Champions in every game', 'Dedicated to promoting sports culture, organizing tournaments, and supporting athletic excellence across various sports.', 'To build a strong sports culture and develop athletic talent.', 'Sports', 'Tech University', '2018-03-20', 'sports@college.edu', 'Coach James Wilson', 312, 15, 4.7, '/placeholder.svg?height=100&width=100', '/placeholder.svg?height=300&width=800', true, '550e8400-e29b-41d4-a716-446655440003'),
('650e8400-e29b-41d4-a716-446655440004', 'Entrepreneurship Hub', 'From ideas to impact', 'Supporting aspiring entrepreneurs with mentorship, resources, and networking opportunities to turn innovative ideas into successful ventures.', 'To nurture the next generation of successful entrepreneurs.', 'Business', 'Tech University', '2021-02-05', 'entrepreneur@college.edu', 'Dr. Amanda Foster', 156, 12, 4.5, '/placeholder.svg?height=100&width=100', '/placeholder.svg?height=300&width=800', true, '550e8400-e29b-41d4-a716-446655440004'),
('650e8400-e29b-41d4-a716-446655440005', 'Research & Innovation Lab', 'Discovering tomorrow today', 'A research-focused community working on cutting-edge projects in AI, robotics, and emerging technologies.', 'To advance scientific knowledge and technological innovation.', 'Research', 'Tech University', '2020-08-12', 'research@college.edu', 'Dr. Kevin Park', 98, 8, 4.9, '/placeholder.svg?height=100&width=100', '/placeholder.svg?height=300&width=800', true, '550e8400-e29b-41d4-a716-446655440007'),
('650e8400-e29b-41d4-a716-446655440006', 'Design Collective', 'Design that makes a difference', 'A community of designers focused on user experience, visual design, and design thinking methodologies.', 'To create impactful designs that solve real-world problems.', 'Design', 'Tech University', '2021-01-18', 'design@college.edu', 'Prof. Sarah Kim', 134, 14, 4.4, '/placeholder.svg?height=100&width=100', '/placeholder.svg?height=300&width=800', false, '550e8400-e29b-41d4-a716-446655440006'),
('650e8400-e29b-41d4-a716-446655440007', 'Social Impact Initiative', 'Creating positive change', 'Focused on social entrepreneurship and community service projects that create meaningful impact in society.', 'To empower students to create positive social change.', 'Social', 'Tech University', '2019-11-25', 'social@college.edu', 'Dr. Michael Thompson', 201, 16, 4.6, '/placeholder.svg?height=100&width=100', '/placeholder.svg?height=300&width=800', true, '550e8400-e29b-41d4-a716-446655440008'),
('650e8400-e29b-41d4-a716-446655440008', 'Engineering Society', 'Building solutions for tomorrow', 'A comprehensive engineering community covering all disciplines from mechanical to software engineering.', 'To advance engineering excellence and innovation.', 'Engineering', 'Tech University', '2018-07-30', 'engineering@college.edu', 'Prof. David Lee', 278, 20, 4.7, '/placeholder.svg?height=100&width=100', '/placeholder.svg?height=300&width=800', true, '550e8400-e29b-41d4-a716-446655440001');

-- Insert sample events with various deadlines
INSERT INTO events (id, title, description, club_id, college, category, type, mode, venue, start_date, end_date, registration_deadline, max_participants, current_participants, entry_fee, prize_pool, status, tags, requirements, contact_info, image_url, team_size, duration, level, created_by) VALUES

-- Events closing today (urgent)
('750e8400-e29b-41d4-a716-446655440001', 'Emergency Response Simulation', 'A comprehensive emergency response training simulation designed to test crisis management skills and teamwork under pressure.', '650e8400-e29b-41d4-a716-446655440003', 'Tech University', 'Training', 'workshop', 'offline', 'Emergency Training Center', '2024-12-10 09:00:00+00', '2024-12-10 17:00:00+00', '2024-12-08 23:59:59+00', 50, 23, 0, NULL, 'published', ARRAY['emergency', 'training', 'simulation', 'teamwork'], ARRAY['Physical fitness', 'Team collaboration skills'], '{"email": "emergency@college.edu", "phone": "+1-555-0101"}', '/placeholder.svg?height=400&width=800', 'group_4+', '1 day', 'intermediate', '550e8400-e29b-41d4-a716-446655440003'),

-- Events closing in 2-3 days
('750e8400-e29b-41d4-a716-446655440002', 'Mobile App Development Workshop', 'Learn to build cross-platform mobile applications using React Native and Flutter. Hands-on workshop with real project development.', '650e8400-e29b-41d4-a716-446655440001', 'Tech University', 'Technology', 'workshop', 'hybrid', 'Tech Lab A & Online', '2024-12-12 10:00:00+00', '2024-12-14 16:00:00+00', '2024-12-10 23:59:59+00', 80, 67, 500, NULL, 'published', ARRAY['mobile', 'react-native', 'flutter', 'development'], ARRAY['Basic programming knowledge', 'Laptop with development environment', 'Mobile device for testing'], '{"email": "mobile@college.edu", "phone": "+1-555-0102"}', '/placeholder.svg?height=400&width=800', '2_people', '3 days', 'intermediate', '550e8400-e29b-41d4-a716-446655440001'),

('750e8400-e29b-41d4-a716-446655440003', 'Photography Contest 2024', 'Annual photography competition showcasing the best student photography across multiple categories including nature, portrait, and street photography.', '650e8400-e29b-41d4-a716-446655440002', 'Tech University', 'Cultural', 'competition', 'offline', 'Art Gallery', '2024-12-15 14:00:00+00', '2024-12-15 18:00:00+00', '2024-12-11 23:59:59+00', 100, 45, 200, 5000, 'published', ARRAY['photography', 'art', 'competition', 'creative'], ARRAY['DSLR or professional camera', 'Portfolio of 5 best photos', 'Photography experience'], '{"email": "photo@college.edu", "phone": "+1-555-0103"}', '/placeholder.svg?height=400&width=800', 'solo', '1 day', 'intermediate', '550e8400-e29b-41d4-a716-446655440002'),

-- Events closing in 4-7 days
('750e8400-e29b-41d4-a716-446655440004', 'AI & Machine Learning Workshop Series', 'Comprehensive 5-day workshop series covering fundamentals of AI, machine learning algorithms, and practical implementation using Python and TensorFlow.', '650e8400-e29b-41d4-a716-446655440001', 'Tech University', 'Technology', 'workshop', 'online', 'Virtual Platform', '2024-12-18 09:00:00+00', '2024-12-22 17:00:00+00', '2024-12-13 23:59:59+00', 120, 89, 800, NULL, 'published', ARRAY['AI', 'machine-learning', 'python', 'tensorflow', 'data-science'], ARRAY['Python programming experience', 'Mathematics background', 'Laptop with 8GB+ RAM', 'Stable internet connection'], '{"email": "ai@college.edu", "phone": "+1-555-0104"}', '/placeholder.svg?height=400&width=800', 'solo', '5 days', 'advanced', '550e8400-e29b-41d4-a716-446655440001'),

('750e8400-e29b-41d4-a716-446655440005', 'Startup Pitch Competition', 'Present your innovative startup ideas to a panel of industry experts and investors. Winners receive funding and mentorship opportunities.', '650e8400-e29b-41d4-a716-446655440004', 'Tech University', 'Business', 'competition', 'offline', 'Innovation Center Auditorium', '2024-12-20 13:00:00+00', '2024-12-20 18:00:00+00', '2024-12-15 23:59:59+00', 30, 18, 1000, 25000, 'published', ARRAY['startup', 'entrepreneurship', 'pitch', 'business', 'innovation'], ARRAY['Business plan or concept', 'Presentation slides', 'Team of 2-4 members', 'Market research'], '{"email": "startup@college.edu", "phone": "+1-555-0105"}', '/placeholder.svg?height=400&width=800', 'group_4+', '1 day', 'advanced', '550e8400-e29b-41d4-a716-446655440004'),

-- Events closing in 1-2 weeks
('750e8400-e29b-41d4-a716-446655440006', 'Cultural Festival 2024', 'Annual cultural celebration featuring performances, food stalls, art exhibitions, and cultural exchange activities from around the world.', '650e8400-e29b-41d4-a716-446655440002', 'Tech University', 'Cultural', 'cultural', 'offline', 'Main Campus Grounds', '2024-12-25 10:00:00+00', '2024-12-27 22:00:00+00', '2024-12-18 23:59:59+00', 500, 234, 300, NULL, 'published', ARRAY['culture', 'festival', 'performance', 'food', 'international'], ARRAY['Cultural performance or contribution', 'Festival participation fee'], '{"email": "culture@college.edu", "phone": "+1-555-0106"}', '/placeholder.svg?height=400&width=800', 'group_4+', '3 days', 'beginner', '550e8400-e29b-41d4-a716-446655440002'),

('750e8400-e29b-41d4-a716-446655440007', 'Basketball Championship 2024', 'Inter-college basketball tournament featuring teams from across the region. Exciting matches, prizes, and recognition for outstanding players.', '650e8400-e29b-41d4-a716-446655440003', 'Tech University', 'Sports', 'sports', 'offline', 'Sports Complex Arena', '2024-12-28 08:00:00+00', '2024-12-30 20:00:00+00', '2024-12-20 23:59:59+00', 64, 32, 2000, 15000, 'published', ARRAY['basketball', 'tournament', 'sports', 'competition', 'team'], ARRAY['Team of 8-12 players', 'Basketball experience', 'Medical clearance', 'Team registration'], '{"email": "basketball@college.edu", "phone": "+1-555-0107"}', '/placeholder.svg?height=400&width=800', 'group_4+', '3 days', 'intermediate', '550e8400-e29b-41d4-a716-446655440003'),

('750e8400-e29b-41d4-a716-446655440008', 'UX/UI Design Bootcamp', 'Intensive bootcamp covering user experience design principles, interface design, prototyping tools, and design thinking methodologies.', '650e8400-e29b-41d4-a716-446655440006', 'Tech University', 'Design', 'workshop', 'hybrid', 'Design Studio & Online', '2025-01-05 09:00:00+00', '2025-01-09 17:00:00+00', '2024-12-22 23:59:59+00', 60, 41, 1200, NULL, 'published', ARRAY['UX', 'UI', 'design', 'prototyping', 'figma'], ARRAY['Design portfolio', 'Laptop with design software', 'Creative mindset', 'Basic design knowledge'], '{"email": "uxui@college.edu", "phone": "+1-555-0108"}', '/placeholder.svg?height=400&width=800', '2_people', '5 days', 'intermediate', '550e8400-e29b-41d4-a716-446655440006'),

-- Events closing in 2-4 weeks
('750e8400-e29b-41d4-a716-446655440009', 'Blockchain & Cryptocurrency Summit', 'Comprehensive summit exploring blockchain technology, cryptocurrency markets, DeFi protocols, and the future of digital finance.', '650e8400-e29b-41d4-a716-446655440001', 'Tech University', 'Technology', 'conference', 'hybrid', 'Conference Hall & Virtual', '2025-01-15 09:00:00+00', '2025-01-17 18:00:00+00', '2024-12-23 23:59:59+00', 200, 78, 1500, NULL, 'published', ARRAY['blockchain', 'cryptocurrency', 'defi', 'fintech', 'web3'], ARRAY['Basic understanding of blockchain', 'Interest in financial technology', 'Laptop for workshops'], '{"email": "blockchain@college.edu", "phone": "+1-555-0109"}', '/placeholder.svg?height=400&width=800', 'solo', '3 days', 'advanced', '550e8400-e29b-41d4-a716-446655440001'),

('750e8400-e29b-41d4-a716-446655440010', 'Social Impact Hackathon', '48-hour hackathon focused on developing technology solutions for social problems including education, healthcare, and environmental challenges.', '650e8400-e29b-41d4-a716-446655440007', 'Tech University', 'Social', 'hackathon', 'offline', 'Innovation Lab', '2025-01-25 18:00:00+00', '2025-01-27 18:00:00+00', '2025-01-10 23:59:59+00', 100, 56, 0, 20000, 'published', ARRAY['hackathon', 'social-impact', 'technology', 'innovation', 'sustainability'], ARRAY['Programming skills', 'Team of 3-5 members', 'Laptop and development tools', 'Passion for social change'], '{"email": "hackathon@college.edu", "phone": "+1-555-0110"}', '/placeholder.svg?height=400&width=800', 'group_4+', '2 days', 'intermediate', '550e8400-e29b-41d4-a716-446655440007'),

('750e8400-e29b-41d4-a716-446655440011', 'Cybersecurity CTF Challenge', 'Capture The Flag cybersecurity competition testing skills in penetration testing, cryptography, reverse engineering, and digital forensics.', '650e8400-e29b-41d4-a716-446655440001', 'Tech University', 'Technology', 'competition', 'online', 'Virtual CTF Platform', '2025-02-01 10:00:00+00', '2025-02-03 22:00:00+00', '2025-01-15 23:59:59+00', 150, 67, 800, 30000, 'published', ARRAY['cybersecurity', 'ctf', 'hacking', 'penetration-testing', 'cryptography'], ARRAY['Cybersecurity knowledge', 'Linux command line skills', 'Programming experience', 'Team of 2-4 members'], '{"email": "ctf@college.edu", "phone": "+1-555-0111"}', '/placeholder.svg?height=400&width=800', 'group_4+', '3 days', 'advanced', '550e8400-e29b-41d4-a716-446655440001'),

('750e8400-e29b-41d4-a716-446655440012', 'Data Science & Analytics Workshop', 'Comprehensive workshop covering data analysis, statistical modeling, machine learning, and data visualization using Python and R.', '650e8400-e29b-41d4-a716-446655440005', 'Tech University', 'Research', 'workshop', 'hybrid', 'Research Lab & Online', '2025-02-10 09:00:00+00', '2025-02-14 17:00:00+00', '2025-01-20 23:59:59+00', 80, 45, 1000, NULL, 'published', ARRAY['data-science', 'analytics', 'python', 'machine-learning', 'statistics'], ARRAY['Statistics background', 'Python or R experience', 'Laptop with data science tools', 'Mathematics foundation'], '{"email": "datascience@college.edu", "phone": "+1-555-0112"}', '/placeholder.svg?height=400&width=800', 'solo', '5 days', 'advanced', '550e8400-e29b-41d4-a716-446655440007'),

-- Events with longer deadlines
('750e8400-e29b-41d4-a716-446655440013', 'Robotics Competition 2025', 'Annual robotics competition where teams design, build, and program autonomous robots to complete challenging tasks and obstacles.', '650e8400-e29b-41d4-a716-446655440008', 'Tech University', 'Engineering', 'competition', 'offline', 'Engineering Workshop', '2025-03-01 09:00:00+00', '2025-03-03 18:00:00+00', '2025-02-01 23:59:59+00', 40, 22, 3000, 50000, 'published', ARRAY['robotics', 'engineering', 'automation', 'programming', 'competition'], ARRAY['Engineering background', 'Programming skills', 'Team of 4-6 members', 'Robot building experience'], '{"email": "robotics@college.edu", "phone": "+1-555-0113"}', '/placeholder.svg?height=400&width=800', 'group_4+', '3 days', 'advanced', '550e8400-e29b-41d4-a716-446655440001'),

('750e8400-e29b-41d4-a716-446655440014', 'Digital Marketing Masterclass', 'Comprehensive masterclass covering modern digital marketing strategies, social media marketing, SEO, content marketing, and analytics.', '650e8400-e29b-41d4-a716-446655440004', 'Tech University', 'Business', 'workshop', 'online', 'Virtual Classroom', '2025-03-15 10:00:00+00', '2025-03-17 16:00:00+00', '2025-02-15 23:59:59+00', 100, 34, 800, NULL, 'published', ARRAY['digital-marketing', 'seo', 'social-media', 'content-marketing', 'analytics'], ARRAY['Basic marketing knowledge', 'Laptop with internet', 'Social media accounts', 'Business interest'], '{"email": "marketing@college.edu", "phone": "+1-555-0114"}', '/placeholder.svg?height=400&width=800', 'solo', '3 days', 'intermediate', '550e8400-e29b-41d4-a716-446655440004'),

('750e8400-e29b-41d4-a716-446655440015', 'Music Production Workshop', 'Learn the art of music production, sound engineering, and audio mixing using professional software and equipment in our state-of-the-art studio.', '650e8400-e29b-41d4-a716-446655440002', 'Tech University', 'Cultural', 'workshop', 'offline', 'Music Production Studio', '2025-04-01 14:00:00+00', '2025-04-05 18:00:00+00', '2025-03-01 23:59:59+00', 25, 12, 1500, NULL, 'published', ARRAY['music', 'production', 'audio', 'mixing', 'recording'], ARRAY['Musical background', 'Headphones', 'Interest in music production', 'Basic computer skills'], '{"email": "music@college.edu", "phone": "+1-555-0115"}', '/placeholder.svg?height=400&width=800', '2_people', '5 days', 'intermediate', '550e8400-e29b-41d4-a716-446655440002'),

('750e8400-e29b-41d4-a716-446655440016', 'Environmental Sustainability Summit', 'Summit focusing on environmental challenges, sustainable technologies, renewable energy, and climate change solutions for a greener future.', '650e8400-e29b-41d4-a716-446655440007', 'Tech University', 'Environmental', 'conference', 'hybrid', 'Green Campus Center', '2025-04-22 09:00:00+00', '2025-04-24 17:00:00+00', '2025-03-22 23:59:59+00', 300, 89, 500, NULL, 'published', ARRAY['sustainability', 'environment', 'climate-change', 'renewable-energy', 'green-tech'], ARRAY['Environmental awareness', 'Interest in sustainability', 'Laptop for workshops'], '{"email": "environment@college.edu", "phone": "+1-555-0116"}', '/placeholder.svg?height=400&width=800', 'solo', '3 days', 'beginner', '550e8400-e29b-41d4-a716-446655440008'),

('750e8400-e29b-41d4-a716-446655440017', 'Game Development Jam', '72-hour game development competition where teams create innovative games from scratch using various game engines and programming languages.', '650e8400-e29b-41d4-a716-446655440001', 'Tech University', 'Technology', 'competition', 'offline', 'Game Development Lab', '2025-05-10 18:00:00+00', '2025-05-13 18:00:00+00', '2025-04-10 23:59:59+00', 60, 28, 1200, 35000, 'published', ARRAY['game-development', 'programming', 'unity', 'unreal', 'indie-games'], ARRAY['Programming experience', 'Game development knowledge', 'Team of 3-5 members', 'Laptop with game engine'], '{"email": "gamedev@college.edu", "phone": "+1-555-0117"}', '/placeholder.svg?height=400&width=800', 'group_4+', '3 days', 'advanced', '550e8400-e29b-41d4-a716-446655440001'),

('750e8400-e29b-41d4-a716-446655440018', 'Leadership & Personal Development Retreat', 'Intensive retreat focusing on leadership skills, personal growth, team building, and professional development for future leaders.', '650e8400-e29b-41d4-a716-446655440004', 'Tech University', 'Personal Development', 'workshop', 'offline', 'Mountain Retreat Center', '2025-06-01 09:00:00+00', '2025-06-03 17:00:00+00', '2025-05-01 23:59:59+00', 50, 31, 2500, NULL, 'published', ARRAY['leadership', 'personal-development', 'team-building', 'professional-growth', 'retreat'], ARRAY['Leadership interest', 'Open mindset', 'Commitment to full program', 'Professional attire'], '{"email": "leadership@college.edu", "phone": "+1-555-0118"}', '/placeholder.svg?height=400&width=800', 'solo', '3 days', 'intermediate', '550e8400-e29b-41d4-a716-446655440004'),

('750e8400-e29b-41d4-a716-446655440019', 'International Model UN Conference', 'Prestigious Model United Nations conference bringing together students from around the world to debate global issues and diplomatic solutions.', '650e8400-e29b-41d4-a716-446655440007', 'Tech University', 'International', 'conference', 'offline', 'International Conference Center', '2025-07-15 09:00:00+00', '2025-07-18 18:00:00+00', '2025-06-15 23:59:59+00', 200, 67, 3000, NULL, 'published', ARRAY['model-un', 'diplomacy', 'international-relations', 'debate', 'global-issues'], ARRAY['International relations knowledge', 'Public speaking skills', 'Formal attire', 'Research preparation'], '{"email": "modelun@college.edu", "phone": "+1-555-0119"}', '/placeholder.svg?height=400&width=800', 'solo', '4 days', 'advanced', '550e8400-e29b-41d4-a716-446655440008');

-- Insert club memberships
INSERT INTO club_memberships (user_id, club_id, role) VALUES
('550e8400-e29b-41d4-a716-446655440001', '650e8400-e29b-41d4-a716-446655440001', 'admin'),
('550e8400-e29b-41d4-a716-446655440002', '650e8400-e29b-41d4-a716-446655440002', 'admin'),
('550e8400-e29b-41d4-a716-446655440003', '650e8400-e29b-41d4-a716-446655440003', 'admin'),
('550e8400-e29b-41d4-a716-446655440004', '650e8400-e29b-41d4-a716-446655440004', 'admin'),
('550e8400-e29b-41d4-a716-446655440005', '650e8400-e29b-41d4-a716-446655440001', 'member'),
('550e8400-e29b-41d4-a716-446655440006', '650e8400-e29b-41d4-a716-446655440002', 'member'),
('550e8400-e29b-41d4-a716-446655440007', '650e8400-e29b-41d4-a716-446655440005', 'admin'),
('550e8400-e29b-41d4-a716-446655440008', '650e8400-e29b-41d4-a716-446655440007', 'admin');

-- Insert some sample event registrations
INSERT INTO event_registrations (user_id, event_id, status) VALUES
('550e8400-e29b-41d4-a716-446655440005', '750e8400-e29b-41d4-a716-446655440002', 'registered'),
('550e8400-e29b-41d4-a716-446655440006', '750e8400-e29b-41d4-a716-446655440003', 'registered'),
('550e8400-e29b-41d4-a716-446655440005', '750e8400-e29b-41d4-a716-446655440004', 'registered'),
('550e8400-e29b-41d4-a716-446655440006', '750e8400-e29b-41d4-a716-446655440005', 'registered');
